<?xml version="1.0" encoding="UTF-8"?>
<Configuration status="warn" monitorInterval="1">
	<Appenders>
		<RollingFile name="RollingFile" fileName="logs/PainelPrd.log"
			filePattern="logs/$${date:yyyy-MM}/painelmm6-%d{dd-MM-yyyy}-%i.log.gz"
			append="true">
			<PatternLayout
				pattern="%d{yyyy-MM-dd} %d{HH:mm:ss} [%t] %-5level - %logger{36} => %msg%n" />
			<Policies>
				<TimeBasedTriggeringPolicy />
				<SizeBasedTriggeringPolicy size="5 MB" />  			 <!-- Tamanho Max de cada Arquivo de Log mantido -->
			</Policies>
			<DefaultRolloverStrategy max="8" />   					 <!-- Qtd de Arquivos de Log mantidos -->
		</RollingFile>
		<Console name="STDOUT" target="SYSTEM_OUT">
			<PatternLayout pattern="%d %-5p [%t] %C{2} (%F:%L) - %m%n" />
		</Console>
	</Appenders>
	<Loggers>
		<Root level="trace">
			<AppenderRef ref="STDOUT" />
			<AppenderRef ref="RollingFile" />
		</Root>
	</Loggers>
</Configuration>