<?xml version="1.0" encoding="UTF-8"?>
<entity-mappings xmlns="http://xmlns.jcp.org/xml/ns/persistence/orm"
	xmlns:xsi="http://www.w3.org/2001/XMLSchema-instance"
	xsi:schemaLocation="http://xmlns.jcp.org/xml/ns/persistence/orm http://xmlns.jcp.org/xml/ns/persistence/orm_2_1.xsd"
	version="2.1">
	
	<named-native-query name="Processos.analisesPorMes" result-set-mapping="analisesPorMesMapping">
		<query>
			select date_format(data_cadastro, '%Y/%m') mes, count(*) total
			from sist20_processo
				where data_cadastro > date_sub(now(), interval 6 month)
					and status = 'DEVOLVIDO'
				group by date_format(data_cadastro, '%Y/%m')
		        order by date_format(data_cadastro, '%Y/%m') desc;
	    </query>
	</named-native-query>
	
	<named-native-query name="Processos.porTipo" result-set-mapping="porTipoMapping">
		<query>
			select date_format(p.data_cadastro, '%Y/%m') mes
				 , group_concat(distinct (select coalesce(count(t1.id), 0) 
				     from sist20_tipo_processo t1
				        , sist20_processo pt1
				       
				     where t1.id = pt1.tipo_processo_id 
				       and t1.sigla = 'ADMISSAO'
				       and date_format(pt1.data_cadastro, '%Y/%m') = date_format(p.data_cadastro, '%Y/%m')
				   )) total_admissao
				 , group_concat(distinct (select coalesce(count(t2.id), 0) 
				     from sist20_tipo_processo t2
				        , sist20_processo pt2
				       
				     where t2.id = pt2.tipo_processo_id 
				       and t2.sigla = 'DESLIGTO'
				       and date_format(pt2.data_cadastro, '%Y/%m') = date_format(p.data_cadastro, '%Y/%m')
				   )) total_desligto
				 , group_concat(distinct (select coalesce(count(t3.id), 0) 
				     from sist20_tipo_processo t3
				        , sist20_processo pt3
				       
				     where t3.id = pt3.tipo_processo_id 
				       and t3.sigla = 'CANCDESL'
				       and date_format(pt3.data_cadastro, '%Y/%m') = date_format(p.data_cadastro, '%Y/%m')
				   )) total_cancdesl
				, group_concat(distinct (select coalesce(count(t4.id), 0) 
				     from sist20_tipo_processo t4
				        , sist20_processo pt4
				       
				     where t4.id = pt4.tipo_processo_id 
				       and t4.sigla = 'APOSENTA'
				       and date_format(pt4.data_cadastro, '%Y/%m') = date_format(p.data_cadastro, '%Y/%m')
				   )) total_aposenta
				, group_concat(distinct (select coalesce(count(t5.id), 0) 
				     from sist20_tipo_processo t5
				        , sist20_processo pt5
				       
				     where t5.id = pt5.tipo_processo_id 
				       and t5.sigla = 'PENCIVIL'
				       and date_format(pt5.data_cadastro, '%Y/%m') = date_format(p.data_cadastro, '%Y/%m')
				   )) total_pencivil
				, group_concat(distinct (select coalesce(count(t6.id), 0) 
				     from sist20_tipo_processo t6
				        , sist20_processo pt6
				       
				     where t6.id = pt6.tipo_processo_id 
				       and t6.sigla = 'EXCOMBAT'
				       and date_format(pt6.data_cadastro, '%Y/%m') = date_format(p.data_cadastro, '%Y/%m')
				   )) total_excombat
				 , group_concat(distinct (select coalesce(count(t7.id), 0) 
				     from sist20_tipo_processo t7
				        , sist20_processo pt7
				       
				     where t7.id = pt7.tipo_processo_id 
				       and t7.sigla = 'REFLIMIT'
				       and date_format(pt7.data_cadastro, '%Y/%m') = date_format(p.data_cadastro, '%Y/%m')
				   )) total_reflimit
				 , group_concat(distinct (select coalesce(count(t8.id), 0) 
				     from sist20_tipo_processo t8
				        , sist20_processo pt8
				       
				     where t8.id = pt8.tipo_processo_id 
				       and t8.sigla = 'PENMILIT'
				       and date_format(pt8.data_cadastro, '%Y/%m') = date_format(p.data_cadastro, '%Y/%m')
				   )) total_penmilit
				, group_concat(distinct (select coalesce(count(t9.id), 0) 
				     from sist20_tipo_processo t9
				        , sist20_processo pt9
				       
				     where t9.id = pt9.tipo_processo_id 
				       and t9.sigla = 'CANCONCE'
				       and date_format(pt9.data_cadastro, '%Y/%m') = date_format(p.data_cadastro, '%Y/%m')
				   )) total_canconce
				, group_concat(distinct (select coalesce(count(t10.id), 0) 
				     from sist20_tipo_processo t10
				        , sist20_processo pt10
				       
				     where t10.id = pt10.tipo_processo_id 
				       and t10.sigla = 'RESCONCE'
				       and date_format(pt10.data_cadastro, '%Y/%m') = date_format(p.data_cadastro, '%Y/%m')
				   )) total_resconce
				, group_concat(distinct (select coalesce(count(t11.id), 0) 
				     from sist20_tipo_processo t11
				        , sist20_processo pt11
				       
				     where t11.id = pt11.tipo_processo_id 
				       and t11.sigla = 'REFINCAP'
				       and date_format(pt11.data_cadastro, '%Y/%m') = date_format(p.data_cadastro, '%Y/%m')
				   )) total_refincap
			 from sist20_processo p
			 where p.data_cadastro > DATE_SUB(NOW(), INTERVAL 12 MONTH)
			    group by date_format(p.data_cadastro, '%Y/%m')  
				order by date_format(p.data_cadastro, '%Y/%m') desc
	    </query>
	</named-native-query>
	
	<sql-result-set-mapping name="analisesPorMesMapping">
		<constructor-result target-class="br.com.projeto.dto.AnaliseMes">
			<column name="mes" class="java.lang.String"/>
			<column name="total" class="java.lang.Integer"/>
		</constructor-result>
	</sql-result-set-mapping>
	
	<sql-result-set-mapping name="porTipoMapping">
		<constructor-result target-class="br.com.projeto.dto.ProcessoTipoAnual">
			<column name="mes" class="java.lang.String"/>
			<column name="total_admissao" class="java.lang.Integer"/>
			<column name="total_desligto" class="java.lang.Integer"/>
			<column name="total_cancdesl" class="java.lang.Integer"/>
			<column name="total_aposenta" class="java.lang.Integer"/>
			<column name="total_pencivil" class="java.lang.Integer"/>
			<column name="total_excombat" class="java.lang.Integer"/>
			<column name="total_reflimit" class="java.lang.Integer"/>
			<column name="total_penmilit" class="java.lang.Integer"/>
			<column name="total_canconce" class="java.lang.Integer"/>
			<column name="total_resconce" class="java.lang.Integer"/>
			<column name="total_refincap" class="java.lang.Integer"/>
		</constructor-result>
	</sql-result-set-mapping>
</entity-mappings>