{
  "__inputs": [],
  "__elements": {},
  "__requires": [
    {
      "type": "panel",
      "id": "gettingstarted",
      "name": "Getting Started",
      "version": ""
    },
    {
      "type": "grafana",
      "id": "grafana",
      "name": "Grafana",
      "version": "10.0.2"
    },
    {
      "type": "panel",
      "id": "news",
      "name": "News",
      "version": ""
    },
    {
      "type": "panel",
      "id": "stat",
      "name": "Stat",
      "version": ""
    },
    {
      "type": "panel",
      "id": "text",
      "name": "Text",
      "version": ""
    },
    {
      "type": "panel",
      "id": "yesoreyeram-boomtheme-panel",
      "name": "Boom Theme",
      "version": "0.2.1"
    }
  ],
  "annotations": {
    "list": [
      {
        "builtIn": 1,
        "datasource": {
          "type": "grafana",
          "uid": "-- Grafana --"
        },
        "enable": true,
        "hide": true,
        "iconColor": "rgba(0, 211, 255, 1)",
        "name": "Annotations & Alerts",
        "type": "dashboard"
      }
    ]
  },
  "editable": true,
  "fiscalYearStartMonth": 0,
  "graphTooltip": 0,
  "id": null,
  "links": [],
  "liveNow": false,
  "panels": [
    {
      "datasource": {
        "type": "datasource",
        "uid": "grafana"
      },
      "gridPos": {
        "h": 5,
        "w": 24,
        "x": 0,
        "y": 0
      },
      "id": 123125,
      "options": {
        "code": {
          "language": "plaintext",
          "showLineNumbers": false,
          "showMiniMap": false
        },
        "content": "<img src ='/public/HONDA/bemvindo.png'>",
        "mode": "html"
      },
      "pluginVersion": "10.0.2",
      "transparent": true,
      "type": "text"
    },
    {
      "datasource": {
        "type": "datasource",
        "uid": "grafana"
      },
      "gridPos": {
        "h": 9,
        "w": 12,
        "x": 0,
        "y": 5
      },
      "id": 4,
      "links": [],
      "options": {
        "feedUrl": "https://grafana.com/blog/news.xml",
        "showImage": true
      },
      "targets": [
        {
          "datasource": {
            "type": "datasource",
            "uid": "grafana"
          },
          "refId": "A"
        }
      ],
      "title": "ÚLTIMAS NOTÍCIAS",
      "type": "news"
    },
    {
      "datasource": {
        "type": "grafana",
        "uid": "grafana"
      },
      "doInit": {},
      "fieldConfig": {
        "defaults": {
          "color": {
            "mode": "thresholds"
          },
          "displayName": "DASHBOARDS",
          "links": [
            {
              "title": "",
              "url": "https://grafanahda.honda.com.br/dashboards"
            }
          ],
          "mappings": [],
          "thresholds": {
            "mode": "absolute",
            "steps": [
              {
                "color": "#5b5b5b",
                "value": null
              }
            ]
          }
        },
        "overrides": []
      },
      "gridPos": {
        "h": 3,
        "w": 6,
        "x": 12,
        "y": 5
      },
      "handleMetric": {},
      "id": 123127,
      "links": [],
      "maxDataPoints": 3,
      "options": {
        "colorMode": "background",
        "graphMode": "none",
        "justifyMode": "auto",
        "orientation": "auto",
        "reduceOptions": {
          "calcs": [
            "lastNotNull"
          ],
          "fields": "",
          "values": false
        },
        "textMode": "name"
      },
      "pluginVersion": "10.0.2",
      "targets": [
        {
          "datasource": {
            "type": "datasource",
            "uid": "grafana"
          },
          "queryType": "randomWalk",
          "refId": "A"
        }
      ],
      "transparent": true,
      "type": "stat"
    },
    {
      "datasource": {
        "type": "grafana",
        "uid": "grafana"
      },
      "doInit": {},
      "fieldConfig": {
        "defaults": {
          "color": {
            "mode": "thresholds"
          },
          "displayName": "ADMINISTRAÇÃO",
          "links": [
            {
              "title": "",
              "url": "https://grafanahda.honda.com.br/admin"
            }
          ],
          "mappings": [],
          "thresholds": {
            "mode": "absolute",
            "steps": [
              {
                "color": "#5b5b5b",
                "value": null
              }
            ]
          }
        },
        "overrides": []
      },
      "gridPos": {
        "h": 3,
        "w": 6,
        "x": 18,
        "y": 5
      },
      "handleMetric": {},
      "id": 123128,
      "links": [],
      "maxDataPoints": 3,
      "options": {
        "colorMode": "background",
        "graphMode": "none",
        "justifyMode": "auto",
        "orientation": "auto",
        "reduceOptions": {
          "calcs": [
            "lastNotNull"
          ],
          "fields": "",
          "values": false
        },
        "textMode": "name"
      },
      "pluginVersion": "10.0.2",
      "targets": [
        {
          "datasource": {
            "type": "datasource",
            "uid": "grafana"
          },
          "queryType": "randomWalk",
          "refId": "A"
        }
      ],
      "transparent": true,
      "type": "stat"
    },
    {
      "datasource": {
        "type": "grafana",
        "uid": "grafana"
      },
      "doInit": {},
      "fieldConfig": {
        "defaults": {
          "color": {
            "mode": "thresholds"
          },
          "displayName": "CREATE",
          "links": [
            {
              "title": "",
              "url": "https://grafanahda.honda.com.br/dashboard/new"
            }
          ],
          "mappings": [],
          "thresholds": {
            "mode": "absolute",
            "steps": [
              {
                "color": "#5b5b5b",
                "value": null
              }
            ]
          }
        },
        "overrides": []
      },
      "gridPos": {
        "h": 3,
        "w": 6,
        "x": 12,
        "y": 8
      },
      "handleMetric": {},
      "id": 123129,
      "links": [],
      "maxDataPoints": 3,
      "options": {
        "colorMode": "background",
        "graphMode": "none",
        "justifyMode": "auto",
        "orientation": "auto",
        "reduceOptions": {
          "calcs": [
            "lastNotNull"
          ],
          "fields": "",
          "values": false
        },
        "textMode": "name"
      },
      "pluginVersion": "10.0.2",
      "targets": [
        {
          "datasource": {
            "type": "datasource",
            "uid": "grafana"
          },
          "queryType": "randomWalk",
          "refId": "A"
        }
      ],
      "transparent": true,
      "type": "stat"
    },
    {
      "datasource": {
        "type": "grafana",
        "uid": "grafana"
      },
      "doInit": {},
      "fieldConfig": {
        "defaults": {
          "color": {
            "mode": "thresholds"
          },
          "displayName": "EXPLORE",
          "links": [
            {
              "title": "",
              "url": "https://grafanahda.honda.com.br/explore"
            }
          ],
          "mappings": [],
          "thresholds": {
            "mode": "absolute",
            "steps": [
              {
                "color": "#5b5b5b",
                "value": null
              }
            ]
          }
        },
        "overrides": []
      },
      "gridPos": {
        "h": 3,
        "w": 6,
        "x": 18,
        "y": 8
      },
      "handleMetric": {},
      "id": 123130,
      "links": [],
      "maxDataPoints": 3,
      "options": {
        "colorMode": "background",
        "graphMode": "none",
        "justifyMode": "auto",
        "orientation": "auto",
        "reduceOptions": {
          "calcs": [
            "lastNotNull"
          ],
          "fields": "",
          "values": false
        },
        "textMode": "name"
      },
      "pluginVersion": "10.0.2",
      "targets": [
        {
          "datasource": {
            "type": "datasource",
            "uid": "grafana"
          },
          "queryType": "randomWalk",
          "refId": "A"
        }
      ],
      "transparent": true,
      "type": "stat"
    },
    {
      "datasource": {
        "type": "grafana",
        "uid": "grafana"
      },
      "doInit": {},
      "fieldConfig": {
        "defaults": {
          "color": {
            "mode": "thresholds"
          },
          "displayName": "ALERTING",
          "links": [
            {
              "title": "",
              "url": "https://grafanahda.honda.com.br/alerting"
            }
          ],
          "mappings": [],
          "thresholds": {
            "mode": "absolute",
            "steps": [
              {
                "color": "#5b5b5b",
                "value": null
              }
            ]
          }
        },
        "overrides": []
      },
      "gridPos": {
        "h": 3,
        "w": 12,
        "x": 12,
        "y": 11
      },
      "handleMetric": {},
      "id": 123131,
      "links": [],
      "maxDataPoints": 3,
      "options": {
        "colorMode": "background",
        "graphMode": "none",
        "justifyMode": "auto",
        "orientation": "auto",
        "reduceOptions": {
          "calcs": [
            "lastNotNull"
          ],
          "fields": "",
          "values": false
        },
        "textMode": "name"
      },
      "pluginVersion": "10.0.2",
      "targets": [
        {
          "datasource": {
            "type": "datasource",
            "uid": "grafana"
          },
          "queryType": "randomWalk",
          "refId": "A"
        }
      ],
      "transparent": true,
      "type": "stat"
    },
    {
      "datasource": {
        "type": "datasource",
        "uid": "grafana"
      },
      "gridPos": {
        "h": 1,
        "w": 2,
        "x": 0,
        "y": 14
      },
      "id": 123124,
      "options": {
        "activeTheme": "New Theme 1",
        "disableThemePicker": true,
        "themes": [
          {
            "name": "New Theme 1",
            "styles": [
              {
                "props": {
                  "theme": "default"
                },
                "type": "basetheme"
              },
              {
                "props": {
                  "url": "https://storage.googleapis.com/flowbix-img/IMG%20DASHBOARD/MAPA/jogos.jpg"
                },
                "type": "bgimage"
              },
              {
                "props": {
                  "url": ""
                },
                "type": "url"
              },
              {
                "props": {
                  "text": ""
                },
                "type": "style"
              }
            ]
          }
        ]
      },
      "pluginVersion": "0.2.1",
      "transparent": true,
      "type": "yesoreyeram-boomtheme-panel"
    },
    {
      "datasource": {
        "type": "datasource",
        "uid": "grafana"
      },
      "gridPos": {
        "h": 9,
        "w": 24,
        "x": 0,
        "y": 15
      },
      "id": 123123,
      "targets": [
        {
          "datasource": {
            "type": "datasource",
            "uid": "grafana"
          },
          "refId": "A"
        }
      ],
      "transparent": true,
      "type": "gettingstarted"
    }
  ],
  "refresh": "",
  "schemaVersion": 38,
  "style": "dark",
  "tags": [],
  "templating": {
    "list": []
  },
  "time": {
    "from": "now-6h",
    "to": "now"
  },
  "timepicker": {
    "hidden": true,
    "refresh_intervals": [
      "5s",
      "10s",
      "30s",
      "1m",
      "5m",
      "15m",
      "30m",
      "1h",
      "2h",
      "1d"
    ],
    "time_options": [
      "5m",
      "15m",
      "1h",
      "6h",
      "12h",
      "24h",
      "2d",
      "7d",
      "30d"
    ],
    "type": "timepicker"
  },
  "timezone": "browser",
  "title": "Home",
  "uid": "e39dacd2-de7f-4c32-a3c0-89a43da22230",
  "version": 13,
  "weekStart": ""
}