{
  "__inputs": [
    {
      "name": "DS_MICROSOFT_SQL SERVER",
      "label": "Microsoft SQL Server",
      "description": "",
      "type": "datasource",
      "pluginId": "mssql",
      "pluginName": "Microsoft SQL Server"
    },
    {
      "name": "VAR_MODELO",
      "type": "constant",
      "label": "MODELO",
      "value": "01",
      "description": ""
    }
  ],
  "__elements": {},
  "__requires": [
    {
      "type": "panel",
      "id": "aidanmountford-html-panel",
      "name": "HTML",
      "version": "0.0.2"
    },
    {
      "type": "panel",
      "id": "canvas",
      "name": "Canvas",
      "version": ""
    },
    {
      "type": "grafana",
      "id": "grafana",
      "name": "Grafana",
      "version": "10.0.2"
    },
    {
      "type": "panel",
      "id": "grafana-clock-panel",
      "name": "Clock",
      "version": "2.1.3"
    },
    {
      "type": "datasource",
      "id": "mssql",
      "name": "Microsoft SQL Server",
      "version": "1.0.0"
    },
    {
      "type": "panel",
      "id": "stat",
      "name": "Stat",
      "version": ""
    },
    {
      "type": "panel",
      "id": "table",
      "name": "Table",
      "version": ""
    },
    {
      "type": "panel",
      "id": "text",
      "name": "Text",
      "version": ""
    }
  ],
  "annotations": {
    "list": [
      {
        "builtIn": 1,
        "datasource": {
          "type": "grafana",
          "uid": "-- Grafana --"
        },
        "enable": true,
        "hide": true,
        "iconColor": "rgba(0, 211, 255, 1)",
        "name": "Annotations & Alerts",
        "type": "dashboard"
      }
    ]
  },
  "editable": true,
  "fiscalYearStartMonth": 0,
  "graphTooltip": 0,
  "id": null,
  "links": [
    {
      "asDropdown": false,
      "icon": "external link",
      "includeVars": false,
      "keepTime": false,
      "tags": [],
      "targetBlank": true,
      "title": "PDF",
      "tooltip": "",
      "type": "link",
      "url": "https://reportgrafanahda.honda.com.br?${__all_variables}&var-OUTPUT=PDF"
    },
    {
      "asDropdown": false,
      "icon": "external link",
      "includeVars": false,
      "keepTime": false,
      "tags": [],
      "targetBlank": true,
      "title": "CSV",
      "tooltip": "",
      "type": "link",
      "url": "https://reportgrafanahda.honda.com.br?${__all_variables}&var-OUTPUT=CSV"
    },
    {
      "asDropdown": false,
      "icon": "external link",
      "includeVars": false,
      "keepTime": false,
      "tags": [],
      "targetBlank": true,
      "title": "EXL",
      "tooltip": "",
      "type": "link",
      "url": "https://reportgrafanahda.honda.com.br?${__all_variables}&var-OUTPUT=EXL"
    },
    {
      "asDropdown": false,
      "icon": "external link",
      "includeVars": false,
      "keepTime": false,
      "tags": [],
      "targetBlank": false,
      "title": "Voltar",
      "tooltip": "",
      "type": "link",
      "url": "/d/ae499861-8796-469e-ae6c-6851ba72d955/tela-menu-coali?orgId=1&refresh=5s&kiosk"
    }
  ],
  "liveNow": false,
  "panels": [
    {
      "aliasColors": {},
      "css_data": "<!DOCTYPE html>\r\n<html>\r\n<head>\r\n<style>\r\n  .center {\r\n    display: flex;\r\n    justify-content: center;\r\n    align-items: center;\r\n    height: 100vh;\r\n  }\r\n\r\n  .center img {\r\n    max-width: 100%;\r\n    max-height: 100%;\r\n  }\r\n</style>\r\n</head>\r\n<body>\r\n\r\n<div class=\"center\">\r\n  <img src=\"/public/HONDA/logo.png\" alt=\"Logo\">\r\n</div>\r\n\r\n</body>\r\n</html>\r\n\r\n",
      "datasource": {
        "type": "mssql",
        "uid": "${DS_MICROSOFT_SQL SERVER}"
      },
      "doInit": {},
      "format": "short",
      "gridPos": {
        "h": 2,
        "w": 3,
        "x": 0,
        "y": 0
      },
      "handleMetric": {},
      "html_data": "",
      "id": 72,
      "js_code": "",
      "js_init_code": "",
      "links": [],
      "maxDataPoints": 3,
      "nullPointMode": "connected",
      "pluginVersion": "10.0.2",
      "targets": [
        {
          "datasource": {
            "type": "mssql",
            "uid": "${DS_MICROSOFT_SQL SERVER}"
          },
          "editorMode": "code",
          "format": "table",
          "rawQuery": true,
          "rawSql": "select CONCAT(REVERSE(PARSENAME(REPLACE(REVERSE(data_formated), '/', '.'), 3)), '/',\r\nREVERSE(PARSENAME(REPLACE(REVERSE(data_formated), '/', '.'), 2)), '/',\r\nREVERSE(PARSENAME(REPLACE(REVERSE(data_formated), '/', '.'), 1))) as data\r\nfrom (\r\n    select FORMAT(NUDTAULT, '####/##/##') as data_formated from (SELECT NUDTAULT, ROW_NUMBER() OVER (ORDER BY NUDTAULT) as row FROM DM_ONTIME.dbo.DWJOBETL\r\n) a WHERE row > 0 and row <= 1)\r\nas q1;",
          "refId": "A",
          "sql": {
            "columns": [
              {
                "parameters": [],
                "type": "function"
              }
            ],
            "groupBy": [
              {
                "property": {
                  "type": "string"
                },
                "type": "groupBy"
              }
            ],
            "limit": 50
          }
        },
        {
          "datasource": {
            "type": "mssql",
            "uid": "${DS_MICROSOFT_SQL SERVER}"
          },
          "editorMode": "code",
          "format": "table",
          "hide": false,
          "rawQuery": true,
          "rawSql": "select \r\nCONCAT(\r\nREVERSE(PARSENAME(REPLACE(REVERSE(hora), '=', '.'), 1)),':',\r\nREVERSE(PARSENAME(REPLACE(REVERSE(hora), '=', '.'), 2)),':',\r\nREVERSE(PARSENAME(REPLACE(REVERSE(hora), '=', '.'), 3))) as hora\r\nfrom (\r\n    select FORMAT(NUHRAINC, ' ##=##=##') as hora\r\n    from (\r\n        select top 1 NUHRAINC \r\n            from dbo.[DWFAEVPE]\r\n            where NUCTRJOB in (\r\n                select NUCMPLV4 from dbo.DWJOBETL where PKIDJOBL = 'HDSQLONST2'\r\n            )\r\n            order by NUHRAINC\r\n        ) as q1\r\n    ) as q1",
          "refId": "B",
          "sql": {
            "columns": [
              {
                "parameters": [],
                "type": "function"
              }
            ],
            "groupBy": [
              {
                "property": {
                  "type": "string"
                },
                "type": "groupBy"
              }
            ],
            "limit": 50
          }
        }
      ],
      "type": "aidanmountford-html-panel"
    },
    {
      "datasource": {
        "type": "mssql",
        "uid": "${DS_MICROSOFT_SQL SERVER}"
      },
      "gridPos": {
        "h": 2,
        "w": 15,
        "x": 3,
        "y": 0
      },
      "id": 69,
      "options": {
        "code": {
          "language": "plaintext",
          "showLineNumbers": false,
          "showMiniMap": false
        },
        "content": "<div style=\"font-size: 35px; text-align: center; font-family: Segoe UI; background-color: #8497b0;  30px 30px 60px; font-weight: bold\">\n  <span style=\"color: WHITE\">ACOMPANHAMENTO ANALÍTICO</span>\n</div>\n\n\n\n\n",
        "mode": "html"
      },
      "pluginVersion": "10.0.2",
      "targets": [
        {
          "datasource": {
            "type": "mssql",
            "uid": "${DS_MICROSOFT_SQL SERVER}"
          },
          "editorMode": "code",
          "format": "table",
          "rawQuery": true,
          "rawSql": "select CONCAT(REVERSE(PARSENAME(REPLACE(REVERSE(data_formated), '/', '.'), 3)), '/',\r\nREVERSE(PARSENAME(REPLACE(REVERSE(data_formated), '/', '.'), 2)), '/',\r\nREVERSE(PARSENAME(REPLACE(REVERSE(data_formated), '/', '.'), 1))) as data\r\nfrom (\r\n    select FORMAT(NUDTAULT, '####/##/##') as data_formated from (SELECT NUDTAULT, ROW_NUMBER() OVER (ORDER BY NUDTAULT) as row FROM DM_ONTIME.dbo.DWJOBETL\r\n) a WHERE row > 0 and row <= 1)\r\nas q1;",
          "refId": "A",
          "sql": {
            "columns": [
              {
                "parameters": [],
                "type": "function"
              }
            ],
            "groupBy": [
              {
                "property": {
                  "type": "string"
                },
                "type": "groupBy"
              }
            ],
            "limit": 50
          }
        },
        {
          "datasource": {
            "type": "mssql",
            "uid": "${DS_MICROSOFT_SQL SERVER}"
          },
          "editorMode": "code",
          "format": "table",
          "hide": false,
          "rawQuery": true,
          "rawSql": "select \r\nCONCAT(\r\nREVERSE(PARSENAME(REPLACE(REVERSE(hora), '=', '.'), 1)),':',\r\nREVERSE(PARSENAME(REPLACE(REVERSE(hora), '=', '.'), 2)),':',\r\nREVERSE(PARSENAME(REPLACE(REVERSE(hora), '=', '.'), 3))) as hora\r\nfrom (\r\n    select FORMAT(NUHRAINC, ' ##=##=##') as hora\r\n    from (\r\n        select top 1 NUHRAINC \r\n            from dbo.[DWFAEVPE]\r\n            where NUCTRJOB in (\r\n                select NUCMPLV4 from dbo.DWJOBETL where PKIDJOBL = 'HDSQLONST2'\r\n            )\r\n            order by NUHRAINC\r\n        ) as q1\r\n    ) as q1",
          "refId": "B",
          "sql": {
            "columns": [
              {
                "parameters": [],
                "type": "function"
              }
            ],
            "groupBy": [
              {
                "property": {
                  "type": "string"
                },
                "type": "groupBy"
              }
            ],
            "limit": 50
          }
        }
      ],
      "type": "text"
    },
    {
      "datasource": {
        "type": "mssql",
        "uid": "${DS_MICROSOFT_SQL SERVER}"
      },
      "fieldConfig": {
        "defaults": {
          "color": {
            "mode": "thresholds"
          },
          "mappings": [],
          "noValue": "No Data",
          "thresholds": {
            "mode": "absolute",
            "steps": [
              {
                "color": "green",
                "value": null
              },
              {
                "color": "red",
                "value": 80
              }
            ]
          }
        },
        "overrides": []
      },
      "gridPos": {
        "h": 2,
        "w": 3,
        "x": 18,
        "y": 0
      },
      "id": 75,
      "options": {
        "inlineEditing": false,
        "root": {
          "background": {
            "color": {
              "fixed": "transparent"
            },
            "image": {
              "fixed": "https://storage.googleapis.com/flowbix-img/IMG%20DASHBOARD/HONDA/header%20evolu%C3%A7%C3%A3o.png",
              "mode": "field"
            },
            "size": "fill"
          },
          "border": {
            "color": {
              "fixed": "dark-green"
            }
          },
          "constraint": {
            "horizontal": "left",
            "vertical": "top"
          },
          "elements": [
            {
              "background": {
                "color": {
                  "fixed": "transparent"
                }
              },
              "border": {
                "color": {
                  "fixed": "dark-green"
                }
              },
              "config": {
                "align": "center",
                "color": {
                  "fixed": "text"
                },
                "size": 20,
                "text": {
                  "field": "data",
                  "fixed": "",
                  "mode": "field"
                },
                "valign": "middle"
              },
              "constraint": {
                "horizontal": "left",
                "vertical": "top"
              },
              "name": "data",
              "placement": {
                "height": 27.98828125,
                "left": 29,
                "top": 6,
                "width": 127.98828125
              },
              "type": "metric-value"
            },
            {
              "background": {
                "color": {
                  "fixed": "transparent"
                }
              },
              "border": {
                "color": {
                  "fixed": "dark-green"
                }
              },
              "config": {
                "align": "center",
                "color": {
                  "fixed": "text"
                },
                "size": 16,
                "text": {
                  "fixed": "Última Atualização"
                },
                "valign": "middle"
              },
              "connections": [],
              "constraint": {
                "horizontal": "left",
                "vertical": "top"
              },
              "name": "Element 2",
              "placement": {
                "height": 22.98828125,
                "left": 5,
                "top": 32,
                "width": 265
              },
              "type": "text"
            },
            {
              "background": {
                "color": {
                  "fixed": "transparent"
                }
              },
              "border": {
                "color": {
                  "fixed": "dark-green"
                }
              },
              "config": {
                "align": "center",
                "color": {
                  "fixed": "text"
                },
                "size": 20,
                "text": {
                  "field": "hora",
                  "fixed": "",
                  "mode": "field"
                },
                "valign": "middle"
              },
              "connections": [],
              "constraint": {
                "horizontal": "left",
                "vertical": "top"
              },
              "name": "Hora",
              "placement": {
                "height": 26.9921875,
                "left": 159,
                "top": 6,
                "width": 82.98828125
              },
              "type": "metric-value"
            }
          ],
          "name": "Element 1691065528767",
          "placement": {
            "height": 100,
            "left": 0,
            "top": 0,
            "width": 100
          },
          "type": "frame"
        },
        "showAdvancedTypes": false
      },
      "pluginVersion": "10.0.2",
      "targets": [
        {
          "datasource": {
            "type": "mssql",
            "uid": "${DS_MICROSOFT_SQL SERVER}"
          },
          "editorMode": "code",
          "format": "table",
          "rawQuery": true,
          "rawSql": "SELECT CONCAT(REVERSE(PARSENAME(REPLACE(REVERSE(data_formatada), '/', '.'), 3)), '/',\r\nREVERSE(PARSENAME(REPLACE(REVERSE(data_formatada), '/', '.'), 2)), '/',\r\nREVERSE(PARSENAME(REPLACE(REVERSE(data_formatada), '/', '.'), 1))) as data\r\nFROM (SELECT TOP 1 FORMAT(NUDTAINC, '####/##/##') AS data_formatada FROM dbo.[DWFAHIPE] WHERE\r\nNUCTRJOB IN (SELECT NUCMPLV4 FROM dbo.DWJOBETL WHERE PKIDJOBL = 'HDSQLONST2')\r\nORDER BY NUDTAINC DESC, NUHRAINC DESC) AS TabelaData\r\n",
          "refId": "A",
          "sql": {
            "columns": [
              {
                "parameters": [],
                "type": "function"
              }
            ],
            "groupBy": [
              {
                "property": {
                  "type": "string"
                },
                "type": "groupBy"
              }
            ],
            "limit": 50
          }
        },
        {
          "datasource": {
            "type": "mssql",
            "uid": "${DS_MICROSOFT_SQL SERVER}"
          },
          "editorMode": "code",
          "format": "table",
          "hide": false,
          "rawQuery": true,
          "rawSql": "select \r\nCONCAT(\r\nREVERSE(PARSENAME(REPLACE(REVERSE(hora), '=', '.'), 1)),':',\r\nREVERSE(PARSENAME(REPLACE(REVERSE(hora), '=', '.'), 2)),':',\r\nREVERSE(PARSENAME(REPLACE(REVERSE(hora), '=', '.'), 3))) as hora\r\nfrom (\r\n    select FORMAT(NUHRAINC, ' ##=##=##') as hora\r\n    from (\r\n        select top 1 NUHRAINC \r\n            from dbo.[DWFAHIPE]\r\n            where NUCTRJOB in (\r\n                select NUCMPLV4 from dbo.DWJOBETL where PKIDJOBL = 'HDSQLONST2'\r\n            )\r\n            order by NUDTAINC DESC, NUHRAINC DESC\r\n        ) as q1\r\n    ) as q1",
          "refId": "B",
          "sql": {
            "columns": [
              {
                "parameters": [],
                "type": "function"
              }
            ],
            "groupBy": [
              {
                "property": {
                  "type": "string"
                },
                "type": "groupBy"
              }
            ],
            "limit": 50
          }
        }
      ],
      "type": "canvas"
    },
    {
      "datasource": {
        "type": "mssql",
        "uid": "${DS_MICROSOFT_SQL SERVER}"
      },
      "gridPos": {
        "h": 1,
        "w": 3,
        "x": 21,
        "y": 0
      },
      "id": 60,
      "options": {
        "bgColor": "transparent",
        "clockType": "custom",
        "countdownSettings": {
          "endCountdownTime": "2023-07-26T19:55:33-03:00",
          "endText": "00:00:00"
        },
        "countupSettings": {
          "beginCountupTime": "2023-07-26T19:55:33-03:00",
          "beginText": "00:00:00"
        },
        "dateSettings": {
          "dateFormat": "DD/MM/YYYY",
          "fontSize": "22px",
          "fontWeight": "bold",
          "locale": "",
          "showDate": true
        },
        "fontMono": false,
        "mode": "time",
        "refresh": "sec",
        "timeSettings": {
          "fontSize": "22px",
          "fontWeight": "bold"
        },
        "timezone": "",
        "timezoneSettings": {
          "fontSize": "12px",
          "fontWeight": "normal",
          "showTimezone": false,
          "zoneFormat": "offsetAbbv"
        }
      },
      "pluginVersion": "2.1.3",
      "transparent": true,
      "type": "grafana-clock-panel"
    },
    {
      "datasource": {
        "type": "mssql",
        "uid": "${DS_MICROSOFT_SQL SERVER}"
      },
      "fieldConfig": {
        "defaults": {
          "color": {
            "mode": "thresholds"
          },
          "displayName": "ATUALIZANDO DADOS:",
          "mappings": [],
          "max": 100,
          "min": 0,
          "noValue": "Dados Atualizados",
          "thresholds": {
            "mode": "absolute",
            "steps": [
              {
                "color": "transparent",
                "value": null
              },
              {
                "color": "dark-green",
                "value": 1
              }
            ]
          },
          "unit": "percent"
        },
        "overrides": [
          {
            "matcher": {
              "id": "byName",
              "options": "qtd_status"
            },
            "properties": [
              {
                "id": "color",
                "value": {
                  "fixedColor": "green",
                  "mode": "fixed"
                }
              }
            ]
          }
        ]
      },
      "gridPos": {
        "h": 1,
        "w": 3,
        "x": 21,
        "y": 1
      },
      "id": 71,
      "options": {
        "colorMode": "value",
        "graphMode": "area",
        "justifyMode": "auto",
        "orientation": "horizontal",
        "reduceOptions": {
          "calcs": [
            "lastNotNull"
          ],
          "fields": "",
          "values": true
        },
        "text": {
          "titleSize": 15,
          "valueSize": 35
        },
        "textMode": "auto"
      },
      "pluginVersion": "10.0.2",
      "targets": [
        {
          "datasource": {
            "type": "mssql",
            "uid": "${DS_MICROSOFT_SQL SERVER}"
          },
          "editorMode": "code",
          "format": "table",
          "hide": false,
          "rawQuery": true,
          "rawSql": "select NUPROGRS from [dbo].[DWJOBETL] where PKIDJOBL = 'HDSQLONST2' and FGPROCES = 'S'",
          "refId": "A",
          "sql": {
            "columns": [
              {
                "parameters": [],
                "type": "function"
              }
            ],
            "groupBy": [
              {
                "property": {
                  "type": "string"
                },
                "type": "groupBy"
              }
            ],
            "limit": 50
          }
        }
      ],
      "timeFrom": "1m",
      "transformations": [
        {
          "id": "reduce",
          "options": {
            "reducers": [
              "lastNotNull"
            ]
          }
        }
      ],
      "transparent": true,
      "type": "stat"
    },
    {
      "datasource": {
        "type": "mssql",
        "uid": "${DS_MICROSOFT_SQL SERVER}"
      },
      "gridPos": {
        "h": 2,
        "w": 24,
        "x": 0,
        "y": 2
      },
      "id": 74,
      "options": {
        "code": {
          "language": "plaintext",
          "showLineNumbers": false,
          "showMiniMap": false
        },
        "content": "\n\n<div style=\"font-size:25px;text-align:center;font-family:Segoe UI;background: linear-gradient(to bottom, #ababab 0%,  #d1d1d1\n 100%);\n\n\n 100%);\n\n);border-radius: 60px 605px 60px;font-weight:bold\">  \n\n <span style=\"color: #FE0944\">  </span> <span style=\"color: #283b5b\">GRID DE DADOS - TOTAL DIÁRIO (ACOMPANHAMENTO ANALÍTICO)\n </span>\n\n</div>",
        "mode": "html"
      },
      "pluginVersion": "10.0.2",
      "targets": [
        {
          "datasource": {
            "type": "mssql",
            "uid": "${DS_MICROSOFT_SQL SERVER}"
          },
          "editorMode": "code",
          "format": "table",
          "rawQuery": true,
          "rawSql": " SELECT CDISTATR as duracao_atraso,'$Tipo_resultado_V2' , COUNT(1) as qtd_items \r\n FROM DM_ONTIME.dbo.DWFAEVDE \r\n WHERE CDISTGER = 'ATRASO' \r\n GROUP BY CDISTATR; \r\n \r\n ",
          "refId": "A",
          "sql": {
            "columns": [
              {
                "parameters": [],
                "type": "function"
              }
            ],
            "groupBy": [
              {
                "property": {
                  "type": "string"
                },
                "type": "groupBy"
              }
            ],
            "limit": 50
          }
        }
      ],
      "transformations": [
        {
          "id": "organize",
          "options": {
            "excludeByName": {
              "duracao_atraso": true,
              "qtd_items": true
            },
            "indexByName": {},
            "renameByName": {}
          }
        }
      ],
      "transparent": true,
      "type": "text"
    },
    {
      "datasource": {
        "type": "mssql",
        "uid": "${DS_MICROSOFT_SQL SERVER}"
      },
      "fieldConfig": {
        "defaults": {
          "color": {
            "mode": "thresholds"
          },
          "custom": {
            "align": "auto",
            "cellOptions": {
              "type": "auto"
            },
            "filterable": true,
            "inspect": false
          },
          "mappings": [],
          "thresholds": {
            "mode": "absolute",
            "steps": [
              {
                "color": "green",
                "value": null
              },
              {
                "color": "red",
                "value": 80
              }
            ]
          }
        },
        "overrides": [
          {
            "matcher": {
              "id": "byName",
              "options": "EMP"
            },
            "properties": [
              {
                "id": "custom.width",
                "value": 67
              }
            ]
          },
          {
            "matcher": {
              "id": "byName",
              "options": "PEDIDO"
            },
            "properties": [
              {
                "id": "custom.width",
                "value": 86
              }
            ]
          },
          {
            "matcher": {
              "id": "byName",
              "options": "TIPO"
            },
            "properties": [
              {
                "id": "custom.width",
                "value": 71
              }
            ]
          },
          {
            "matcher": {
              "id": "byName",
              "options": "CATEGORIA"
            },
            "properties": [
              {
                "id": "custom.width",
                "value": 119
              }
            ]
          },
          {
            "matcher": {
              "id": "byName",
              "options": "ITEM_CURTO"
            },
            "properties": [
              {
                "id": "custom.width",
                "value": 123
              }
            ]
          },
          {
            "matcher": {
              "id": "byName",
              "options": "QTD_SOLICITADA"
            },
            "properties": [
              {
                "id": "custom.width",
                "value": 152
              }
            ]
          },
          {
            "matcher": {
              "id": "byName",
              "options": "ATRASO"
            },
            "properties": [
              {
                "id": "custom.width",
                "value": 100
              }
            ]
          },
          {
            "matcher": {
              "id": "byName",
              "options": "TENDENCIA"
            },
            "properties": [
              {
                "id": "custom.width",
                "value": 112
              }
            ]
          },
          {
            "matcher": {
              "id": "byName",
              "options": "ORIGEM"
            },
            "properties": [
              {
                "id": "custom.width",
                "value": 91
              }
            ]
          },
          {
            "matcher": {
              "id": "byName",
              "options": "CARACT"
            },
            "properties": [
              {
                "id": "custom.width",
                "value": 97
              }
            ]
          },
          {
            "matcher": {
              "id": "byName",
              "options": "RESP"
            },
            "properties": [
              {
                "id": "custom.width",
                "value": 100
              }
            ]
          },
          {
            "matcher": {
              "id": "byName",
              "options": "CARRO"
            },
            "properties": [
              {
                "id": "custom.width",
                "value": 106
              }
            ]
          }
        ]
      },
      "gridPos": {
        "h": 20,
        "w": 24,
        "x": 0,
        "y": 4
      },
      "id": 57,
      "options": {
        "cellHeight": "sm",
        "footer": {
          "countRows": false,
          "enablePagination": true,
          "fields": "",
          "reducer": [
            "sum"
          ],
          "show": false
        },
        "showHeader": true,
        "sortBy": []
      },
      "pluginVersion": "10.0.2",
      "targets": [
        {
          "datasource": {
            "type": "mssql",
            "uid": "${DS_MICROSOFT_SQL SERVER}"
          },
          "editorMode": "code",
          "format": "table",
          "rawQuery": true,
          "rawSql": "select\r\n       NMEMPPED as 'EMP', NUPEDIDO as 'PEDIDO', NMTIPPED as 'TIPO', NMTPOPED as\r\n       'CATEGORIA', CDITMCUR as 'ITEM_CURTO', CDITMLON as 'ITEM_LONGO', DSITMPED as 'DESC_ITEM',\r\n       VRQTDSOL as 'QTD_SOLICITADA', VRQTDATE as 'QTD_ATENDIDA', CDISTGER as 'STATUS',\r\n       CDISTATR AS 'ATRASO', CDISTTEN AS 'TENDENCIA',\r\n       CDISTATE as 'ATENDIMENTO', CDORIGEM as 'ORIGEM', CDCAPEDI as 'CARACT',\r\n       CDRSPPED as 'RESP', NMRSPPED as 'NOME', CDSTSCAR as 'STATUS_CARRO',\r\n       CDNROCAR as 'CARRO', CDLOFCAR as 'LOCACAO_FISICA', NUQTDCAR as 'QTD_CARRO',\r\n       CDRSPCAR as 'USER_CARRO', NMRSPCAR as 'NOME_USER_CARRO', NMFONTE as 'FONTE', CDFONTE\r\n       as 'SETOR_FONTE', NMDSSEFO as 'DESC_SETOR_FONTE', NMDESTIN as 'DESTINO', CDDESTINO\r\n       as 'SETOR_DESTINO', NMDSSEDE as 'DESC_SETOR_DESTINO', NMPOSTO as 'POSTO', CDMODENG\r\n       as 'MODELO', NMFASE as 'FASE', NMILOCAC as 'LOCACAO', DSILOCAC as 'DESC_LOCACAO',\r\n       DTDTENPR as 'DATA_PREVISTA_ENTREGA', DSHRENPR as 'HORA_PREVISTA_ENTREGA', DTDTENRE as\r\n       'DATA_REAL_ENTREGA', DSHRENRE as 'HORA_REAL_ENTREGA', DTDTAPRD as 'DATA_PLANO_PRD',\r\n       DSHRAPRD as 'HORA_PLANO_PRD', CDSTSETO as 'STS_SETOR', CDSTSPED as 'STS_PEDIDO'\r\n\r\nfrom\r\n[dbo].[DWFAEVDE]\r\nwhere\r\n$T_R IN (SELECT SKIDEVOL FROM [dbo].[DWFAEVPE] WHERE \r\nNUCTRJOB in (select NUCMPLV4 from dbo.DWJOBETL where PKIDJOBL = 'HDSQLONST2') AND $Tipo_resultado_V2 > 0)\r\n\r\nAND\r\n\r\nSKIDFASE IN (SELECT SKIDFASE FROM [dbo].[DWDIFARA] WHERE DSDESC IN ($fase) and NUCTRJOB in (select NUCMPLV4 from dbo.DWJOBETL where PKIDJOBL = 'HDSQLONST2')) and\r\nPKNUDTPD IN (SELECT NUDATATP FROM [dbo].[DWDIDTPE] WHERE NMDATATP IN ($data_producao) AND FGPRODTP = 'S' and NUCTRJOB in (select NUCMPLV4 from dbo.DWJOBETL where PKIDJOBL = 'HDSQLONST2')) AND\r\nPKNUDTEN  IN (SELECT NUDATATP FROM [dbo].[DWDIDTPE] WHERE NMDATATP IN ($data_entrega) AND FGENTRTP = 'S' and NUCTRJOB in (select NUCMPLV4 from dbo.DWJOBETL where PKIDJOBL = 'HDSQLONST2')) and\r\nSKIDTPPE  IN (SELECT SKIDTPPE FROM [dbo].[DWDITPPE] WHERE NMTPPE IN ($tipo_pedido) AND FGATIVO = 'S' and NUCTRJOB in (select NUCMPLV4 from dbo.DWJOBETL where PKIDJOBL = 'HDSQLONST2')) and\r\nSKIDNMFO  IN (SELECT SKIDNMFO FROM [dbo].[DWDINMFO] WHERE NMFONTE IN ($fonte) AND FGATIVO = 'S' and NUCTRJOB in (select NUCMPLV4 from dbo.DWJOBETL where PKIDJOBL = 'HDSQLONST2')) and\r\nSKIDSTFO IN (SELECT SKIDSTFO FROM [dbo].[DWDISTFO] WHERE NMSETOR IN ($setor_fonte) AND FGATIVO = 'S' and NUCTRJOB in (select NUCMPLV4 from dbo.DWJOBETL where PKIDJOBL = 'HDSQLONST2')) and\r\nSKIDNMDE  IN (SELECT SKIDNMDE FROM [dbo].[DWDINMDE] WHERE NMDESTIN IN ($destino) AND FGATIVO = 'S' and NUCTRJOB in (select NUCMPLV4 from dbo.DWJOBETL where PKIDJOBL = 'HDSQLONST2')) and\r\nSKIDSTDE IN (SELECT SKIDSTDE FROM [dbo].[DWDISTDE] WHERE NMSETOR IN ($setor_destino) AND FGATIVO = 'S' and NUCTRJOB in (select NUCMPLV4 from dbo.DWJOBETL where PKIDJOBL = 'HDSQLONST2')) and\r\nNUCTRJOB in (select NUCMPLV4 from dbo.DWJOBETL where PKIDJOBL = 'HDSQLONST2')",
          "refId": "A",
          "sql": {
            "columns": [
              {
                "parameters": [],
                "type": "function"
              }
            ],
            "groupBy": [
              {
                "property": {
                  "type": "string"
                },
                "type": "groupBy"
              }
            ],
            "limit": 50
          }
        }
      ],
      "transformations": [
        {
          "id": "organize",
          "options": {
            "excludeByName": {},
            "indexByName": {},
            "renameByName": {
              "CARACTERISTICA": "",
              "CATEGORIA": "",
              "DATA_ENTREGA_PREVISTA": "",
              "DATA_ENTREGA_REAL": "",
              "DATA_PLANO_PRODUCAO": "",
              "DESCRICAO\r\n       ITEM": "",
              "DESCRICAO_LOCACAO": "",
              "DESCRICAO_SETOR_DESTINO": "",
              "DESCRICAO_SETOR_FONTE": "",
              "FONTE": "",
              "HORA_ENTREGA_PREVISTA": "",
              "HORA_ENTREGA_REAL": "",
              "HORA_PLANO_PRODUCAO": "",
              "ITEM_CURTO": "",
              "ITEM_LONGO": "",
              "LOCACAO_FISICA_CARRO": "",
              "NOME_RESPONSAVEL": "",
              "NOME_USER_CARRO": "",
              "NRO_PEDIDO": "",
              "QTD_ATENDIDA": "",
              "QTD_CARRO": "",
              "QTD_SOLICITADA": "",
              "RESPONSAVEL": "",
              "SETOR_DESTINO": "",
              "SETOR_FONTE": "",
              "STATUS_ATENDIMENTO": "",
              "STATUS_CARRO": "",
              "STS_PEDIDO": "",
              "STS_SETOR": "",
              "TIPO_PEDIDO": "",
              "USER_CARRO": ""
            }
          }
        }
      ],
      "type": "table"
    },
    {
      "aliasColors": {},
      "css_data": "",
      "datasource": {
        "type": "mssql",
        "uid": "${DS_MICROSOFT_SQL SERVER}"
      },
      "doInit": {},
      "format": "short",
      "gridPos": {
        "h": 2,
        "w": 24,
        "x": 0,
        "y": 24
      },
      "handleMetric": {},
      "html_data": "<!DOCTYPE html>\r\n<html lang=\"pt-br\">\r\n<head>\r\n<meta charset=\"UTF-8\">\r\n<meta name=\"viewport\" content=\"width=device-width, initial-scale=1.0\">\r\n<title>Layout de Texto</title>\r\n<style>\r\n  .container {\r\n    display: flex;\r\n    justify-content: space-between;\r\n    align-items: center;\r\n    padding: 5px;\r\n    background-color: white;\r\n  }\r\n\r\n  .left-text {\r\n    display: inline-block;\r\n    color: black;\r\n    font-weight: bold;\r\n  }\r\n\r\n  .blue-text {\r\n    color: blue;\r\n  }\r\n\r\n  .right-text {\r\n    display: inline-block;\r\n    color: black;\r\n    font-weight: bold;\r\n  }\r\n</style>\r\n</head>\r\n<body>\r\n  <div class=\"container\">\r\n    <div class=\"left-text\">\r\n      Projeto - <span class=\"blue-text\">OnTime</span> - Módulo COALI\r\n    </div>\r\n    <div class=\"right-text\">\r\n      VERSÃO 1.0\r\n    </div>\r\n  </div>\r\n</body>\r\n</html>\r\n",
      "id": 63,
      "js_code": "",
      "js_init_code": "",
      "links": [],
      "maxDataPoints": 3,
      "nullPointMode": "connected",
      "pluginVersion": "10.0.2",
      "transparent": true,
      "type": "aidanmountford-html-panel"
    }
  ],
  "refresh": "",
  "schemaVersion": 38,
  "style": "dark",
  "tags": [],
  "templating": {
    "list": [
      {
        "current": {},
        "datasource": {
          "type": "mssql",
          "uid": "${DS_MICROSOFT_SQL SERVER}"
        },
        "definition": "select DSDESC from [dbo].[DWDIFARA] where FGATIVO = 'S' and NUCTRJOB in (select NUCMPLV4 from dbo.DWJOBETL where PKIDJOBL = 'HDSQLONST2')",
        "hide": 0,
        "includeAll": true,
        "label": "FASE",
        "multi": false,
        "name": "fase",
        "options": [],
        "query": "select DSDESC from [dbo].[DWDIFARA] where FGATIVO = 'S' and NUCTRJOB in (select NUCMPLV4 from dbo.DWJOBETL where PKIDJOBL = 'HDSQLONST2')",
        "refresh": 1,
        "regex": "",
        "skipUrlSync": false,
        "sort": 0,
        "type": "query"
      },
      {
        "current": {},
        "datasource": {
          "type": "mssql",
          "uid": "${DS_MICROSOFT_SQL SERVER}"
        },
        "definition": "select NMDATATP from [dbo].[DWDIDTPE] where FGENTRTP = 'S' and NUCTRJOB in (select NUCMPLV4 from dbo.DWJOBETL where PKIDJOBL = 'HDSQLONST2')",
        "description": "",
        "hide": 0,
        "includeAll": true,
        "label": "DATA DE ENTREGA",
        "multi": true,
        "name": "data_entrega",
        "options": [],
        "query": "select NMDATATP from [dbo].[DWDIDTPE] where FGENTRTP = 'S' and NUCTRJOB in (select NUCMPLV4 from dbo.DWJOBETL where PKIDJOBL = 'HDSQLONST2')",
        "refresh": 1,
        "regex": "",
        "skipUrlSync": false,
        "sort": 5,
        "type": "query"
      },
      {
        "current": {},
        "datasource": {
          "type": "mssql",
          "uid": "${DS_MICROSOFT_SQL SERVER}"
        },
        "definition": "select NMDATATP from [dbo].[DWDIDTPE] where FGPRODTP = 'S' and NUCTRJOB in (select NUCMPLV4 from dbo.DWJOBETL where PKIDJOBL = 'HDSQLONST2')",
        "hide": 0,
        "includeAll": true,
        "label": "DATA PRODUÇÃO",
        "multi": true,
        "name": "data_producao",
        "options": [],
        "query": "select NMDATATP from [dbo].[DWDIDTPE] where FGPRODTP = 'S' and NUCTRJOB in (select NUCMPLV4 from dbo.DWJOBETL where PKIDJOBL = 'HDSQLONST2')",
        "refresh": 1,
        "regex": "",
        "skipUrlSync": false,
        "sort": 3,
        "type": "query"
      },
      {
        "current": {},
        "datasource": {
          "type": "mssql",
          "uid": "${DS_MICROSOFT_SQL SERVER}"
        },
        "definition": "select NMTPPE from [dbo].[DWDITPPE] where FGATIVO = 'S' and NUCTRJOB in (select NUCMPLV4 from dbo.DWJOBETL where PKIDJOBL = 'HDSQLONST2')",
        "hide": 0,
        "includeAll": true,
        "label": "TIPO PEDIDO",
        "multi": false,
        "name": "tipo_pedido",
        "options": [],
        "query": "select NMTPPE from [dbo].[DWDITPPE] where FGATIVO = 'S' and NUCTRJOB in (select NUCMPLV4 from dbo.DWJOBETL where PKIDJOBL = 'HDSQLONST2')",
        "refresh": 1,
        "regex": "",
        "skipUrlSync": false,
        "sort": 0,
        "type": "query"
      },
      {
        "current": {},
        "datasource": {
          "type": "mssql",
          "uid": "${DS_MICROSOFT_SQL SERVER}"
        },
        "definition": "select NMFONTE from [dbo].[DWDINMFO] where FGATIVO = 'S' and NUCTRJOB in (select NUCMPLV4 from dbo.DWJOBETL where PKIDJOBL = 'HDSQLONST2')",
        "hide": 0,
        "includeAll": true,
        "label": "FONTE",
        "multi": true,
        "name": "fonte",
        "options": [],
        "query": "select NMFONTE from [dbo].[DWDINMFO] where FGATIVO = 'S' and NUCTRJOB in (select NUCMPLV4 from dbo.DWJOBETL where PKIDJOBL = 'HDSQLONST2')",
        "refresh": 1,
        "regex": "",
        "skipUrlSync": false,
        "sort": 1,
        "type": "query"
      },
      {
        "current": {},
        "datasource": {
          "type": "mssql",
          "uid": "${DS_MICROSOFT_SQL SERVER}"
        },
        "definition": "select NMSETOR from [dbo].[DWDISTFO] where FGATIVO = 'S' AND SKIDNMFO IN (SELECT SKIDNMFO FROM [dbo].[DWDINMFO] WHERE NMFONTE IN ($fonte) AND NUCTRJOB in (select NUCMPLV4 from dbo.DWJOBETL where PKIDJOBL = 'HDSQLONST2') AND FGATIVO = 'S') and NUCTRJOB in (select NUCMPLV4 from dbo.DWJOBETL where PKIDJOBL = 'HDSQLONST2')",
        "hide": 0,
        "includeAll": true,
        "label": "SETOR FONTE",
        "multi": true,
        "name": "setor_fonte",
        "options": [],
        "query": "select NMSETOR from [dbo].[DWDISTFO] where FGATIVO = 'S' AND SKIDNMFO IN (SELECT SKIDNMFO FROM [dbo].[DWDINMFO] WHERE NMFONTE IN ($fonte) AND NUCTRJOB in (select NUCMPLV4 from dbo.DWJOBETL where PKIDJOBL = 'HDSQLONST2') AND FGATIVO = 'S') and NUCTRJOB in (select NUCMPLV4 from dbo.DWJOBETL where PKIDJOBL = 'HDSQLONST2')",
        "refresh": 1,
        "regex": "",
        "skipUrlSync": false,
        "sort": 1,
        "type": "query"
      },
      {
        "current": {},
        "datasource": {
          "type": "mssql",
          "uid": "${DS_MICROSOFT_SQL SERVER}"
        },
        "definition": "select NMDESTIN from [dbo].[DWDINMDE] where FGATIVO = 'S'  and NUCTRJOB in (select NUCMPLV4 from dbo.DWJOBETL where PKIDJOBL = 'HDSQLONST2')",
        "hide": 0,
        "includeAll": true,
        "label": "DESTINO",
        "multi": true,
        "name": "destino",
        "options": [],
        "query": "select NMDESTIN from [dbo].[DWDINMDE] where FGATIVO = 'S'  and NUCTRJOB in (select NUCMPLV4 from dbo.DWJOBETL where PKIDJOBL = 'HDSQLONST2')",
        "refresh": 1,
        "regex": "",
        "skipUrlSync": false,
        "sort": 1,
        "type": "query"
      },
      {
        "current": {},
        "datasource": {
          "type": "mssql",
          "uid": "${DS_MICROSOFT_SQL SERVER}"
        },
        "definition": "select NMSETOR from [dbo].[DWDISTDE] where FGATIVO = 'S' AND SKIDNMDE IN (SELECT SKIDNMDE FROM [dbo].[DWDINMDE] WHERE NMDESTIN IN ($destino) AND NUCTRJOB in (select NUCMPLV4 from dbo.DWJOBETL where PKIDJOBL = 'HDSQLONST2') AND FGATIVO = 'S') and NUCTRJOB in (select NUCMPLV4 from dbo.DWJOBETL where PKIDJOBL = 'HDSQLONST2')",
        "hide": 0,
        "includeAll": true,
        "label": "SETOR DESTINO",
        "multi": true,
        "name": "setor_destino",
        "options": [],
        "query": "select NMSETOR from [dbo].[DWDISTDE] where FGATIVO = 'S' AND SKIDNMDE IN (SELECT SKIDNMDE FROM [dbo].[DWDINMDE] WHERE NMDESTIN IN ($destino) AND NUCTRJOB in (select NUCMPLV4 from dbo.DWJOBETL where PKIDJOBL = 'HDSQLONST2') AND FGATIVO = 'S') and NUCTRJOB in (select NUCMPLV4 from dbo.DWJOBETL where PKIDJOBL = 'HDSQLONST2')",
        "refresh": 1,
        "regex": "",
        "skipUrlSync": false,
        "sort": 1,
        "type": "query"
      },
      {
        "current": {
          "selected": false,
          "text": "POR FONTE",
          "value": "POR FONTE"
        },
        "hide": 2,
        "includeAll": false,
        "multi": false,
        "name": "VAR",
        "options": [
          {
            "selected": true,
            "text": "POR FONTE",
            "value": "POR FONTE"
          },
          {
            "selected": false,
            "text": "POR SETOR FONTE",
            "value": "POR SETOR FONTE"
          },
          {
            "selected": false,
            "text": "POR DESTINO",
            "value": "POR DESTINO"
          },
          {
            "selected": false,
            "text": "POR SETOR DESTINO",
            "value": "POR SETOR DESTINO"
          }
        ],
        "query": "POR FONTE, POR SETOR FONTE, POR DESTINO, POR SETOR DESTINO",
        "queryValue": "",
        "skipUrlSync": false,
        "type": "custom"
      },
      {
        "current": {
          "selected": false,
          "text": "ITEM",
          "value": "VRQTDITM"
        },
        "hide": 2,
        "includeAll": false,
        "label": "TIPO RESULTADO_V2",
        "multi": false,
        "name": "Tipo_resultado_V2",
        "options": [
          {
            "selected": true,
            "text": "ITEM",
            "value": "VRQTDITM"
          },
          {
            "selected": false,
            "text": "PEDIDO",
            "value": "VRQTDPED"
          }
        ],
        "query": "ITEM : VRQTDITM,PEDIDO : VRQTDPED",
        "queryValue": "",
        "skipUrlSync": false,
        "type": "custom"
      },
      {
        "current": {
          "selected": false,
          "text": "SKIDNMFO",
          "value": "SKIDNMFO"
        },
        "description": "",
        "hide": 2,
        "includeAll": false,
        "multi": false,
        "name": "SKID",
        "options": [
          {
            "selected": true,
            "text": "SKIDNMFO",
            "value": "SKIDNMFO"
          },
          {
            "selected": false,
            "text": "SKIDSTFO",
            "value": "SKIDSTFO"
          },
          {
            "selected": false,
            "text": "SKIDNMDE",
            "value": "SKIDNMDE"
          },
          {
            "selected": false,
            "text": "SKIDSTDE",
            "value": "SKIDSTDE"
          }
        ],
        "query": "SKIDNMFO,SKIDSTFO,SKIDNMDE,SKIDSTDE",
        "queryValue": "",
        "skipUrlSync": false,
        "type": "custom"
      },
      {
        "current": {
          "selected": true,
          "text": "TENDENCIA",
          "value": "TENDENCIA"
        },
        "hide": 2,
        "label": "CDISTGER",
        "name": "CDISTGER",
        "options": [
          {
            "selected": true,
            "text": "TENDENCIA",
            "value": "TENDENCIA"
          }
        ],
        "query": "TENDENCIA",
        "skipUrlSync": false,
        "type": "textbox"
      },
      {
        "current": {
          "selected": true,
          "text": "",
          "value": ""
        },
        "hide": 2,
        "label": "",
        "name": "CDISTATR",
        "options": [
          {
            "selected": true,
            "text": "",
            "value": ""
          }
        ],
        "query": "",
        "skipUrlSync": false,
        "type": "textbox"
      },
      {
        "current": {
          "selected": true,
          "text": "",
          "value": ""
        },
        "hide": 2,
        "label": "",
        "name": "LOCACAO",
        "options": [
          {
            "selected": true,
            "text": "",
            "value": ""
          }
        ],
        "query": "",
        "skipUrlSync": false,
        "type": "textbox"
      },
      {
        "current": {
          "selected": true,
          "text": "",
          "value": ""
        },
        "hide": 2,
        "label": "",
        "name": "CDISTTEN",
        "options": [
          {
            "selected": true,
            "text": "",
            "value": ""
          }
        ],
        "query": "",
        "skipUrlSync": false,
        "type": "textbox"
      },
      {
        "current": {
          "selected": true,
          "text": "",
          "value": ""
        },
        "hide": 2,
        "label": "",
        "name": "NMFONTE",
        "options": [
          {
            "selected": true,
            "text": "",
            "value": ""
          }
        ],
        "query": "",
        "skipUrlSync": false,
        "type": "textbox"
      },
      {
        "current": {
          "selected": true,
          "text": "",
          "value": ""
        },
        "hide": 2,
        "label": "",
        "name": "NMDSSEFO",
        "options": [
          {
            "selected": true,
            "text": "",
            "value": ""
          }
        ],
        "query": "",
        "skipUrlSync": false,
        "type": "textbox"
      },
      {
        "current": {
          "selected": true,
          "text": "",
          "value": ""
        },
        "hide": 2,
        "label": "",
        "name": "NMDESTIN",
        "options": [
          {
            "selected": true,
            "text": "",
            "value": ""
          }
        ],
        "query": "",
        "skipUrlSync": false,
        "type": "textbox"
      },
      {
        "current": {
          "selected": true,
          "text": "",
          "value": ""
        },
        "hide": 2,
        "label": "",
        "name": "NMDSSEDE",
        "options": [
          {
            "selected": true,
            "text": "",
            "value": ""
          }
        ],
        "query": "",
        "skipUrlSync": false,
        "type": "textbox"
      },
      {
        "hide": 2,
        "name": "MODELO",
        "query": "${VAR_MODELO}",
        "skipUrlSync": false,
        "type": "constant",
        "current": {
          "value": "${VAR_MODELO}",
          "text": "${VAR_MODELO}",
          "selected": false
        },
        "options": [
          {
            "value": "${VAR_MODELO}",
            "text": "${VAR_MODELO}",
            "selected": false
          }
        ]
      },
      {
        "current": {},
        "datasource": {
          "type": "mssql",
          "uid": "${DS_MICROSOFT_SQL SERVER}"
        },
        "definition": " SELECT CASE WHEN '$Tipo_resultado_V2'  = 'VRQTDITM' THEN 'SKIDEVOL' ELSE 'NUCMPLV4' END AS nome\n FROM DM_ONTIME.dbo.DWFAEVDE \n WHERE CDISTGER = 'ATRASO' \n GROUP BY CDISTATR; ",
        "hide": 2,
        "includeAll": false,
        "multi": false,
        "name": "T_R",
        "options": [],
        "query": " SELECT CASE WHEN '$Tipo_resultado_V2'  = 'VRQTDITM' THEN 'SKIDEVOL' ELSE 'NUCMPLV4' END AS nome\n FROM DM_ONTIME.dbo.DWFAEVDE \n WHERE CDISTGER = 'ATRASO' \n GROUP BY CDISTATR; ",
        "refresh": 1,
        "regex": "",
        "skipUrlSync": false,
        "sort": 0,
        "type": "query"
      }
    ]
  },
  "time": {
    "from": "2023-08-10T23:41:00.099Z",
    "to": "2023-08-11T23:41:00.099Z"
  },
  "timepicker": {
    "hidden": true
  },
  "timezone": "",
  "title": "RELATORIO DO ATENDIMENTO DE RA E KANBAN - (Acompanhamento Analítico)",
  "uid": "c0bab429-be2d-49ab-a7ec-454af3a6ead2",
  "version": 13,
  "weekStart": ""
}