{
  "__inputs": [
    {
      "name": "DS_MICROSOFT_SQL SERVER",
      "label": "Microsoft SQL Server",
      "description": "",
      "type": "datasource",
      "pluginId": "mssql",
      "pluginName": "Microsoft SQL Server"
    }
  ],
  "__elements": {},
  "__requires": [
    {
      "type": "panel",
      "id": "aidanmountford-html-panel",
      "name": "HTML",
      "version": "0.0.2"
    },
    {
      "type": "grafana",
      "id": "grafana",
      "name": "Grafana",
      "version": "10.0.2"
    },
    {
      "type": "datasource",
      "id": "mssql",
      "name": "Microsoft SQL Server",
      "version": "1.0.0"
    },
    {
      "type": "panel",
      "id": "yesoreyeram-boomtheme-panel",
      "name": "Boom Theme",
      "version": "0.2.1"
    }
  ],
  "annotations": {
    "list": [
      {
        "builtIn": 1,
        "datasource": {
          "type": "grafana",
          "uid": "-- Grafana --"
        },
        "enable": true,
        "hide": true,
        "iconColor": "rgba(0, 211, 255, 1)",
        "name": "Annotations & Alerts",
        "type": "dashboard"
      }
    ]
  },
  "editable": true,
  "fiscalYearStartMonth": 0,
  "graphTooltip": 0,
  "id": null,
  "links": [],
  "liveNow": false,
  "panels": [
    {
      "datasource": {
        "type": "mssql",
        "uid": "${DS_MICROSOFT_SQL SERVER}"
      },
      "gridPos": {
        "h": 22,
        "w": 16,
        "x": 1,
        "y": 0
      },
      "id": 2,
      "options": {
        "activeTheme": "New Theme 1",
        "disableThemePicker": true,
        "themes": [
          {
            "name": "New Theme 1",
            "styles": [
              {
                "props": {
                  "theme": "default"
                },
                "type": "basetheme"
              },
              {
                "props": {
                  "url": "/public/HONDA/CONSTRU%C3%87AONOVO.png"
                },
                "type": "bgimage"
              },
              {
                "props": {
                  "url": ""
                },
                "type": "url"
              },
              {
                "props": {
                  "text": ""
                },
                "type": "style"
              }
            ]
          }
        ]
      },
      "pluginVersion": "0.2.1",
      "transparent": true,
      "type": "yesoreyeram-boomtheme-panel"
    },
    {
      "aliasColors": {},
      "css_data": "",
      "datasource": {
        "type": "grafana",
        "uid": "grafana"
      },
      "doInit": {},
      "format": "short",
      "gridPos": {
        "h": 3,
        "w": 3,
        "x": 11,
        "y": 22
      },
      "handleMetric": {},
      "html_data": "<!DOCTYPE html>\r\n<html>\r\n<head>\r\n  <style>\r\n    @import url('https://fonts.googleapis.com/css2?family=Exo:wght@400;700&display=swap');\r\n\r\n    body {\r\n      display: flex;\r\n      justify-content: center;\r\n      align-items: center;\r\n      height: 100vh;\r\n      margin: 0;\r\n      background-color: #b3b3b3;\r\n      font-family: 'Exo', sans-serif;\r\n    }\r\n\r\n   \r\n\r\n    .small-button {\r\n      padding: 10px 50px;\r\n      background-color: #cccccc;\r\n      border: 2px solid #cccccc;\r\n      color: #ffffff;\r\n      font-size: 16px;\r\n      font-weight: bold;\r\n      cursor: pointer;\r\n      transition: background-color 0.2s, box-shadow 0.5s;\r\n      text-decoration: none;\r\n    }\r\n\r\n    .small-button:hover {\r\n      background-color: #b3b3b3;\r\n      box-shadow: 0 0 10px rgba(204, 204, 204, 0.7);\r\n    }\r\n  </style>\r\n</head>\r\n<body>\r\n  <div class=\"container\">\r\n    <a class=\"small-button\" href=\"/d/b889e57f-945d-4658-82d4-0efa07e080b1/tela-menu?orgId=1&refresh=5s\">\r\n      VOLTAR\r\n    </a>\r\n  </div>\r\n</body>\r\n</html>\r\n",
      "id": 3,
      "js_code": "",
      "js_init_code": "",
      "links": [],
      "maxDataPoints": 3,
      "nullPointMode": "connected",
      "pluginVersion": "10.0.2",
      "targets": [
        {
          "datasource": {
            "type": "datasource",
            "uid": "grafana"
          },
          "queryType": "randomWalk",
          "refId": "A"
        }
      ],
      "transparent": true,
      "type": "aidanmountford-html-panel"
    }
  ],
  "refresh": "5s",
  "schemaVersion": 38,
  "style": "dark",
  "tags": [],
  "templating": {
    "list": []
  },
  "time": {
    "from": "now-3h",
    "to": "now"
  },
  "timepicker": {},
  "timezone": "",
  "title": "TELA PROGRAMAÇÕES",
  "uid": "a7b2a6b0-e259-4fa0-95dd-0eeb47e588c0",
  "version": 8,
  "weekStart": ""
}