{
  "annotations": {
    "list": [
      {
        "builtIn": 1,
        "datasource": {
          "type": "grafana",
          "uid": "-- Grafana --"
        },
        "enable": true,
        "hide": true,
        "iconColor": "rgba(0, 211, 255, 1)",
        "name": "Annotations & Alerts",
        "type": "dashboard"
      }
    ]
  },
  "editable": true,
  "fiscalYearStartMonth": 0,
  "graphTooltip": 0,
  "id": 29,
  "links": [],
  "liveNow": false,
  "panels": [
    {
      "datasource": {
        "type": "mssql",
        "uid": "ce2a8554-40b8-4b88-bc84-b2ee330cc45a"
      },
      "gridPos": {
        "h": 10,
        "w": 18,
        "x": 0,
        "y": 0
      },
      "id": 2,
      "options": {
        "activeTheme": "New Theme 1",
        "disableThemePicker": true,
        "themes": [
          {
            "name": "New Theme 1",
            "styles": [
              {
                "props": {
                  "theme": "default"
                },
                "type": "basetheme"
              },
              {
                "props": {
                  "url": "/public/HONDA/FUNDO%20NOVO5.png"
                },
                "type": "bgimage"
              },
              {
                "props": {
                  "url": ""
                },
                "type": "url"
              },
              {
                "props": {
                  "text": ""
                },
                "type": "style"
              }
            ]
          }
        ]
      },
      "pluginVersion": "0.2.1",
      "transparent": true,
      "type": "yesoreyeram-boomtheme-panel"
    },
    {
      "aliasColors": {},
      "css_data": "",
      "datasource": {
        "type": "datasource",
        "uid": "grafana"
      },
      "doInit": {},
      "format": "short",
      "gridPos": {
        "h": 12,
        "w": 6,
        "x": 9,
        "y": 10
      },
      "handleMetric": {},
      "html_data": "<!DOCTYPE html>\r\n<html>\r\n<head>\r\n  <style>\r\n    @import url('https://fonts.googleapis.com/css2?family=Exo:wght@400;700&display=swap');\r\n\r\n    body {\r\n      display: flex;\r\n      justify-content: center;\r\n      align-items: center;\r\n      height: 100vh;\r\n      margin: 0;\r\n      background-color: #f5f5f5;\r\n      font-family: 'Exo', sans-serif;\r\n    }\r\n\r\n    .container {\r\n      display: flex;\r\n      flex-direction: column;\r\n      align-items: center;\r\n      padding: 20px;\r\n      border-radius: 15px;\r\n      background: linear-gradient(to bottom, #ffffff, #cccccc);\r\n      box-shadow: 0 0 10px rgba(0, 0, 0, 0.2);\r\n    }\r\n\r\n    .title {\r\n      font-size: 24px;\r\n      font-weight: bold;\r\n      margin-bottom: 10px;\r\n    }\r\n\r\n    .buttons {\r\n      display: flex;\r\n      flex-direction: column;\r\n      gap: 10px;\r\n    }\r\n\r\n    .button {\r\n      display: flex;\r\n      align-items: center;\r\n      justify-content: center;\r\n      padding: 10px 20px;\r\n      border-radius: 5px;\r\n      background-color: #ffffff;\r\n      border: 2px solid #ffffff;\r\n      font-size: 16px;\r\n      font-weight: bold;\r\n      cursor: pointer;\r\n      transition: background-color 0.2s, box-shadow 0.2s;\r\n      position: relative;\r\n      text-decoration: none; /* Remover sublinhado */\r\n    }\r\n\r\n    .button:hover {\r\n      background-color: #f5f5f5;\r\n      box-shadow: 0 0 10px rgba(255, 255, 255, 0.7);\r\n    }\r\n\r\n    .button-icon {\r\n      display: none;\r\n      position: absolute;\r\n      top: 50%;\r\n      left: -32px;\r\n      transform: translateY(-50%);\r\n      width: 32px;\r\n      height: 32px;\r\n      background-image: url('https://storage.googleapis.com/flowbix-img/IMG%20DASHBOARD/HONDA/asa.png');\r\n      background-size: cover;\r\n    }\r\n\r\n    .button:hover .button-icon {\r\n      display: inline-block;\r\n    }\r\n  </style>\r\n</head>\r\n<body>\r\n  <div class=\"container\">\r\n    <div class=\"buttons\">\r\n      <a class=\"button\" href=\"https://grafanahda.honda.com.br/d/b889e57f-945d-4658-82d4-0efa07e080b1/tela-menu?orgId=1&refresh=5s&kiosk\">\r\n        <span class=\"button-icon\"></span>\r\n        PROJETO ONTIME\r\n      </a>\r\n      <div class=\"buttons\">\r\n      <a class=\"button\" href=\"https://grafanahda.honda.com.br/d/e39dacd2-de7f-4c32-a3c0-89a43da22230/home?orgId=2\">\r\n        <span class=\"button-icon\"></span>\r\n        AREA ADMINISTRATIVA\r\n      </a>\r\n      </button>\r\n    </div>\r\n  </div>\r\n</body>\r\n</html>\r\n",
      "id": 1,
      "js_code": "",
      "js_init_code": "",
      "links": [],
      "maxDataPoints": 3,
      "nullPointMode": "connected",
      "transparent": true,
      "type": "aidanmountford-html-panel"
    }
  ],
  "refresh": "5s",
  "schemaVersion": 38,
  "style": "dark",
  "tags": [],
  "templating": {
    "list": []
  },
  "time": {
    "from": "now-3h",
    "to": "now"
  },
  "timepicker": {},
  "timezone": "",
  "title": "TELA PRINCIPAL",
  "uid": "ecc8f67a-e727-4d19-a311-4860a2db5330",
  "version": 8,
  "weekStart": ""
}