{
  "__inputs": [
    {
      "name": "DS_MICROSOFT_SQL SERVER",
      "label": "Microsoft SQL Server",
      "description": "",
      "type": "datasource",
      "pluginId": "mssql",
      "pluginName": "Microsoft SQL Server"
    }
  ],
  "__elements": {},
  "__requires": [
    {
      "type": "panel",
      "id": "aidanmountford-html-panel",
      "name": "HTML",
      "version": "0.0.2"
    },
    {
      "type": "grafana",
      "id": "grafana",
      "name": "Grafana",
      "version": "10.0.2"
    },
    {
      "type": "datasource",
      "id": "mssql",
      "name": "Microsoft SQL Server",
      "version": "1.0.0"
    },
    {
      "type": "panel",
      "id": "yesoreyeram-boomtheme-panel",
      "name": "Boom Theme",
      "version": "0.2.1"
    }
  ],
  "annotations": {
    "list": [
      {
        "builtIn": 1,
        "datasource": {
          "type": "grafana",
          "uid": "-- Grafana --"
        },
        "enable": true,
        "hide": true,
        "iconColor": "rgba(0, 211, 255, 1)",
        "name": "Annotations & Alerts",
        "type": "dashboard"
      }
    ]
  },
  "editable": true,
  "fiscalYearStartMonth": 0,
  "graphTooltip": 0,
  "id": null,
  "links": [],
  "liveNow": false,
  "panels": [
    {
      "datasource": {
        "type": "mssql",
        "uid": "${DS_MICROSOFT_SQL SERVER}"
      },
      "gridPos": {
        "h": 8,
        "w": 24,
        "x": 0,
        "y": 0
      },
      "id": 2,
      "options": {
        "activeTheme": "New Theme 1",
        "disableThemePicker": true,
        "themes": [
          {
            "name": "New Theme 1",
            "styles": [
              {
                "props": {
                  "theme": "default"
                },
                "type": "basetheme"
              },
              {
                "props": {
                  "url": "/public/HONDA/FUNDO%20NOVO5.png"
                },
                "type": "bgimage"
              },
              {
                "props": {
                  "url": ""
                },
                "type": "url"
              },
              {
                "props": {
                  "text": ""
                },
                "type": "style"
              }
            ]
          }
        ]
      },
      "pluginVersion": "0.2.1",
      "transparent": true,
      "type": "yesoreyeram-boomtheme-panel"
    },
    {
      "aliasColors": {},
      "css_data": "",
      "datasource": {
        "type": "datasource",
        "uid": "grafana"
      },
      "doInit": {},
      "format": "short",
      "gridPos": {
        "h": 9,
        "w": 10,
        "x": 7,
        "y": 8
      },
      "handleMetric": {},
      "html_data": "<!DOCTYPE html>\r\n<html>\r\n<head>\r\n  <style>\r\n    @import url('https://fonts.googleapis.com/css2?family=Exo:wght@400;700&display=swap');\r\n\r\n    body {\r\n      display: flex;\r\n      justify-content: center;\r\n      align-items: center;\r\n      height: 100vh;\r\n      margin: 0;\r\n      background-color: #f5f5f5;\r\n      font-family: 'Exo', sans-serif;\r\n    }\r\n\r\n    .container {\r\n      display: flex;\r\n      flex-direction: column;\r\n      align-items: center;\r\n      padding: 20px;\r\n      border-radius: 15px;\r\n      background: linear-gradient(to bottom, #ffffff, #cccccc);\r\n      box-shadow: 0 0 10px rgba(0, 0, 0, 0.2);\r\n    }\r\n\r\n    .title {\r\n      font-size: 24px;\r\n      font-weight: bold;\r\n      margin-bottom: 10px;\r\n    }\r\n\r\n    .buttons {\r\n      display: flex;\r\n      flex-direction: column;\r\n      gap: 10px;\r\n    }\r\n\r\n    .button {\r\n      display: flex;\r\n      align-items: center;\r\n      justify-content: center;\r\n      padding: 10px 20px;\r\n      border-radius: 5px;\r\n      background-color: #ffffff;\r\n      border: 2px solid #ffffff;\r\n      font-size: 16px;\r\n      font-weight: bold;\r\n      cursor: pointer;\r\n      transition: background-color 0.2s, box-shadow 0.2s;\r\n      position: relative;\r\n      text-decoration: none;\r\n    }\r\n\r\n    .button:hover {\r\n      background-color: #f5f5f5;\r\n      box-shadow: 0 0 10px rgba(255, 255, 255, 0.7);\r\n    }\r\n\r\n    .button-icon {\r\n      display: none;\r\n      position: absolute;\r\n      top: 50%;\r\n      left: -32px;\r\n      transform: translateY(-50%);\r\n      width: 32px;\r\n      height: 32px;\r\n      background-image: url('https://storage.googleapis.com/flowbix-img/IMG%20DASHBOARD/HONDA/asa.png');\r\n      background-size: cover;\r\n    }\r\n\r\n    .button:hover .button-icon {\r\n      display: inline-block;\r\n    }\r\n\r\n    .small-button {\r\n      padding: 8px 16px;\r\n      background-color: #cccccc;\r\n      border: 2px solid #cccccc;\r\n      color: #ffffff;\r\n    }\r\n\r\n    .small-button:hover {\r\n      background-color: #b3b3b3;\r\n      box-shadow: 0 0 10px rgba(204, 204, 204, 0.7);\r\n    }\r\n  </style>\r\n</head>\r\n<body>\r\n  <div class=\"container\">\r\n    <div class=\"title\">Pedidos (RA/KANBAN):</div>\r\n    <div class=\"buttons\">\r\n      <a class=\"button\" href=\"/d/e950ec63-e244-4225-889c-1e4d9802fd4f/gerenciamento-do-atendimento-de-ra-e-kanban?orgId=1&refresh=5m&var-fase=4%20-%20COALI&var-data_entrega=All&var-data_producao=All&var-tipo_pedido=All&var-fonte=All&var-setor_fonte=All&var-destino=All&var-setor_destino=All&var-VAR=Field&var-GROUP_BY=NMFONTE&var-GROUP_BY_2=NMDSSEFO&var-SKID=SKIDSTFO&var-Tipo_resultado_V2=VRQTDPED\">\r\n        <span class=\"button-icon\"></span>\r\n        EVOLUÇÃO DO ATENDIMENTO\r\n      </a>\r\n      <a class=\"button\" href=\"/ontime/pedidorakb/historico-atendimento\">\r\n        <span class=\"button-icon\"></span>\r\n        HISTÓRICO DO ATENDIMENTO\r\n      </a>\r\n      <a class=\"button\" href=\"/d/c0bab429-be2d-49ab-a7ec-454af3a6ead2/relatorio-do-atendimento-de-ra-e-kanban-acompanhamento-analitico?orgId=1&var-fase=All&var-data_entrega=All&var-data_producao=All&var-tipo_pedido=All&var-fonte=All&var-setor_fonte=All&var-destino=All&var-setor_destino=All&var-VAR=POR FONTE&var-Tipo_resultado_V2=VRQTDITM&var-SKID=SKIDNMFO&var-CDISTGER=TENDENCIA&var-CDISTATR=&var-LOCACAO=&var-CDISTTEN=&var-NMFONTE=&var-NMDSSEFO=&var-NMDESTIN=&var-NMDSSEDE=&var-MODELO=01&var-T_R=SKIDEVOL\">\r\n        <span class=\"button-icon\"></span>\r\n        ACOMPANHAMENTO ANALÍTICO\r\n      </a>\r\n      <a class=\"small-button\" href=\"/d/b889e57f-945d-4658-82d4-0efa07e080b1/tela-menu?orgId=1&refresh=5s\">\r\n        VOLTAR\r\n      </a>\r\n    </div>\r\n  </div>\r\n</body>\r\n</html>\r\n",
      "id": 1,
      "js_code": "",
      "js_init_code": "",
      "links": [],
      "maxDataPoints": 3,
      "nullPointMode": "connected",
      "transparent": true,
      "type": "aidanmountford-html-panel"
    }
  ],
  "refresh": "5s",
  "schemaVersion": 38,
  "style": "dark",
  "tags": [],
  "templating": {
    "list": []
  },
  "time": {
    "from": "now-3h",
    "to": "now"
  },
  "timepicker": {},
  "timezone": "",
  "title": "TELA MENU COALI",
  "uid": "ae499861-8796-469e-ae6c-6851ba72d955",
  "version": 26,
  "weekStart": ""
}