<?xml version="1.0" encoding="UTF-8"?>
<!DOCTYPE log4j:configuration PUBLIC "-//log4j/log4j Configuration//EN" "log4j.dtd">
 
<log4j:configuration xmlns:log4j="http://jakarta.apache.org/log4j/">
 
    <appender name="Appender1" class="org.apache.log4j.ConsoleAppender">
       <layout class="org.apache.log4j.PatternLayout">
          <param name="ConversionPattern" value="%5p [%t] - %d{yyyy-MM-dd HH:mm:ss} - %x - %c{1}:%L: %m%n"/>
       </layout>
    </appender>
  
<!--     <appender name="Appender2" class="org.apache.log4j.FileAppender"> -->
<!--        <param name="File" value="D:/Logs/SpringMVC2.log" /> -->
<!--        <layout class="org.apache.log4j.PatternLayout"> -->
<!--           <param name="ConversionPattern" value="%-7p %d [%t] %c %x - %m%n"/> -->
<!-- 				<param name="ConversionPattern" value="%x - %d{yyyy-MM-dd HH:mm:ss} - %X{userName} %-5p %c{1}:%M:%L = %m%n"/> -->
<!--        </layout> -->
<!--     </appender> -->
    	
<!--<appender name="Appender2" class="org.apache.log4j.RollingFileAppender"> -->
    <appender name="Appender2" class="org.apache.log4j.rolling.RollingFileAppender">
    	<rollingPolicy name="file"
            class="org.apache.log4j.rolling.TimeBasedRollingPolicy">
            <param name="FileNamePattern" value="D:/Logs/sisContingAS400/log_%d{yyyyMMdd}-%i.log.gz" />
			<!-- <param name="ActiveFileName" value="D:/Logs/app.log" /> -->
            <!-- <param name="DatePattern" value="'.'yyyy-MM-dd" />-->
        </rollingPolicy>	
	        
	    <triggeringPolicy
	        class="org.apache.log4j.rolling.SizeBasedTriggeringPolicy">
	        <param name="MaxFileSize" value="50000" />
	    </triggeringPolicy>
	    
	    <layout class="org.apache.log4j.PatternLayout">
	        <param name="ConversionPattern" value="%5p [%t] - %d{yyyy-MM-dd HH:mm:ss} - %x - %c{1}:%L: %m%n" />
	    </layout>
	</appender>
	
	<!-- <appender name="Appender3" class="org.apache.log4j.rolling.RollingFileAppender"> -->
		<!-- <param name="file" value="D:/Logs/appender3.log" />         -->
		<!-- <param name="threshold" value="debug" /> -->
		<!-- <param name="MaxBackupIndex" value="10" /> -->
		<!-- <param name="append" value="false" /> -->
        <!-- <param name="FileNamePattern" value="D:/Logs/app.%d{dd-MMM}-%i.log.gz" /> -->
		<!-- <param name="maxFileSize" value="10MB" /> $${date:yyyyMMdd}-->	    
	    
<!--     	<rollingPolicy name="file" -->
<!--             class="org.apache.log4j.rolling.TimeBasedRollingPolicy"> -->
<!--             <param name="FileNamePattern" value="D:/Logs/log-.%d{yyyyMMdd}-%i.log.gz" /> -->
			<!-- <param name="ActiveFileName" value="D:/Logs/app.log" /> -->
            <!-- <param name="DatePattern" value="'.'yyyy-MM-dd" />-->
<!--         </rollingPolicy>	 -->
	        
<!-- 	    <triggeringPolicy -->
<!-- 	        class="org.apache.log4j.rolling.SizeBasedTriggeringPolicy"> -->
<!-- 	        <param name="MaxFileSize" value="50000" /> -->
<!-- 	    </triggeringPolicy> -->
	    
<!-- 	    <layout class="org.apache.log4j.PatternLayout"> -->
<!-- 	        <param name="ConversionPattern" value="%x - %d{yyyy-MM-dd HH:mm:ss} - %X{userName} %-5p %c{1}:%M:%L = %m%n" /> -->
<!-- 	    </layout> -->
<!-- 	</appender> -->
	
	<!--Override log level for specified package -->
<!--     <category name="com.baeldung.log4j"> -->
<!--         <priority value="TRACE"/> -->
<!--     </category> -->

<!--     <category name="com.baeldung.log4j.Log4jRollingExample"> -->
<!--         <priority value="TRACE"/> -->
<!--         <appender-ref ref="Appender3"/> -->
<!--     </category> -->
    
    <category name="com.baeldung.log4j">
        <priority value="ERROR"/>
    </category>
    
    <category name="com.baeldung.log4j.Log4jRollingExample">
        <priority value="ERROR"/>                
        <appender-ref ref="Appender1" />
        <appender-ref ref="Appender2" />
		<!-- <appender-ref ref="Appender3"/> -->
    </category>
    
    <root>
        <priority value="INFO"/>
        <appender-ref ref="Appender1" />
        <appender-ref ref="Appender2" />
    </root>
     
</log4j:configuration>