<?xml version="1.0" encoding="UTF-8"?>
<Configuration status="warn" monitorInterval="1">
	<Appenders>
		<RollingFile name="RollingFile" fileName="logs/app.log"
			filePattern="logs/$${date:yyyy-MM}/log-%d{dd-MM-yyyy}-%i.log.gz"
			append="true">
			<PatternLayout
				pattern="%d{yyyy-MM-dd HH:mm:ss} %-5p %c{1}:%M:%L [%t] = %m%n" />
			<Policies>
				<TimeBasedTriggeringPolicy />
				<SizeBasedTriggeringPolicy size="5 MB" />  			 <!-- Tamanho Max de cada Arquivo de Log mantido -->
			</Policies>
			<DefaultRolloverStrategy max="8" />   					 <!-- Qtd de Arquivos de Log mantidos -->
		</RollingFile>
		<Console name="STDOUT" target="SYSTEM_OUT">
			<PatternLayout pattern="%d %-5p [%t] %C{2} (%F:%L) - %m%n" />
		</Console>
	</Appenders>
	
	<appender name="rollingFile" class="org.apache.log4j.rolling.RollingFileAppender">
	    <rollingPolicy
	        class="org.apache.log4j.rolling.TimeBasedRollingPolicy">
	        <param name="ActiveFileName" value="${LOG_DIR}/application.log" />
	        <param name="FileNamePattern" value="${LOG_DIR}/application.%d{dd-MMM}.log.gz" />
	    </rollingPolicy>
	    <triggeringPolicy
	        class="org.apache.log4j.rolling.SizeBasedTriggeringPolicy">
	        <param name="MaxFileSize" value="10MB" />
	    </triggeringPolicy>
	    <layout class="org.apache.log4j.PatternLayout">
					
	        <param name="ConversionPattern" value="%d{yyyy-MM-dd HH:mm:ss} %-5p %c{1}:%M:%L [%t] = %m%n" />
	    </layout>
	</appender>
	
	<Loggers>
		<Root level="trace">
			<AppenderRef ref="STDOUT" />
			<AppenderRef ref="RollingFile" />
		</Root>
	</Loggers>
</Configuration>